{
  "providers": [
    {
      "type": "bitmap",
      "file": "minecraft:font/gems.png",
      "ascent": 8,
      "height": 8,
      "chars": [
        "🔮"
      ]
    },
    {
      "type": "bitmap",
      "file": "minecraft:font/swords.png",
      "ascent": 8,
      "height": 8,
      "chars": [
        "🔺"
      ]
    },
    {
      "type": "bitmap",
      "file": "minecraft:font/wealth_clover.png",
      "ascent": 8,
      "height": 8,
      "chars": [
        "🍀"
      ]
    },
    {
      "type": "bitmap",
      "file": "minecraft:font/speed_injection.png",
      "ascent": 8,
      "height": 8,
      "chars": [
        "🎯"
      ]
    },
    {
      "type": "bitmap",
      "file": "minecraft:font/speed_bolt.png",
      "ascent": 8,
      "height": 8,
      "chars": [
        "🌩"
      ]
    },
    {
      "type": "bitmap",
      "file": "minecraft:font/strength_chain.png",
      "ascent": 8,
      "height": 8,
      "chars": [
        "🤺"
      ]
    },
    {
      "type": "bitmap",
      "file": "minecraft:font/strength_giga.png",
      "ascent": 8,
      "height": 8,
      "chars": [
        "⚔"
      ]
    },
    {
      "type": "bitmap",
      "file": "minecraft:font/life_heart.png",
      "ascent": 8,
      "height": 8,
      "chars": [
        "💘"
      ]
    },
    {
      "type": "bitmap",
      "file": "minecraft:font/life_rose.png",
      "ascent": 8,
      "height": 8,
      "chars": [
        "💖"
      ]
    },
    {
      "type": "bitmap",
      "file": "minecraft:font/lock.png",
      "ascent": 8,
      "height": 8,
      "chars": [
        "🔒"
      ]
    },
    {
      "type": "bitmap",
      "file": "minecraft:font/puff_arrow.png",
      "ascent": 8,
      "height": 8,
      "chars": [
        "⏫"
      ]
    },
    {
      "type": "bitmap",
      "file": "minecraft:font/puff_fist.png",
      "ascent": 8,
      "height": 8,
      "chars": [
        "☁"
      ]
    },
    {
      "type": "bitmap",
      "file": "minecraft:font/fire_fireball.png",
      "ascent": 8,
      "height": 8,
      "chars": [
        "🧨"
      ]
    },
    {
      "type": "bitmap",
      "file": "minecraft:font/firecampfire.png",
      "ascent": 8,
      "height": 8,
      "chars": [
        "🥾"
      ]
    },
    {
      "type": "bitmap",
      "file": "minecraft:font/solo.png",
      "ascent": 8,
      "height": 8,
      "chars": [
        "🧑🏻"
      ]
    },
    {
      "type": "bitmap",
      "file": "minecraft:font/group.png",
      "ascent": 8,
      "height": 8,
      "chars": [
        "🤼"
      ]
    },
    {
      "type": "bitmap",
      "file": "minecraft:font/wealth_money.png",
      "ascent": 8,
      "height": 8,
      "chars": [
        "💸"
      ]
    },
    {
      "type": "bitmap",
      "file": "minecraft:font/astradagger.png",
      "ascent": 8,
      "height": 8,
      "chars": [
        "🔪"
      ]
    },
    {
      "type": "bitmap",
      "file": "minecraft:font/spook.png",
      "ascent": 8,
      "height": 8,
      "chars": [
        "🧊"
      ]
    },
    {
      "type": "bitmap",
      "file": "minecraft:font/negative.png",
      "ascent": 8,
      "height": 8,
      "chars": [
        "🅰"
      ]
    },
    {
      "type": "bitmap",
      "file": "minecraft:font/tag.png",
      "ascent": 8,
      "height": 8,
      "chars": [
        "🌟"
      ]
    },
    {
      "type": "bitmap",
      "file": "minecraft:font/sonic.png",
      "ascent": 8,
      "height": 8,
      "chars": [
        "🚀"
      ]
    },
    {
      "type": "bitmap",
      "file": "minecraft:font/boom.png",
      "ascent": 8,
      "height": 8,
      "chars": [
        "💥"
      ]
    },
    {
      "type": "bitmap",
      "file": "minecraft:font/tele.png",
      "ascent": 8,
      "height": 8,
      "chars": [
        "🤪"
      ]
    },
    {
      "type": "bitmap",
      "file": "minecraft:font/astraprojection.png",
      "ascent": 8,
      "height": 8,
      "chars": [
        "👻"
      ]
    }
  ]
}