{
  "parent": "item/generated",
  "textures": {
    "layer0": "item/music_disc_11"
  },
  "overrides": [
    {
      "predicate": {
        "custom_model_data": 1
      },
      "model": "item/music_disc_salvationmusiikaone"
    },
    {
      "predicate": {
        "custom_model_data": 2
      },
      "model": "item/music_disc_letsgetitstartedgalwaroremixtheblackeyedpeasone"
    },
    {
      "predicate": {
        "custom_model_data": 3
      },
      "model": "item/music_disc_spiderdanceundertalexxtharemixxxthaone"
    },
    {
      "predicate": {
        "custom_model_data": 4
      },
      "model": "item/music_disc_foreverextendedvtwoeliveone"
    },
    {
      "predicate": {
        "custom_model_data": 5
      },
      "model": "item/music_disc_theknifedanceajdispiritoone"
    }
  ]
}