{
  "salvationmusiikaone": {
    "sounds": [
      {
        "name": "records/salvationmusiikaone",
        "stream": true
      }
    ]
  },
  "letsgetitstartedgalwaroremixtheblackeyedpeasone": {
    "sounds": [
      {
        "name": "records/letsgetitstartedgalwaroremixtheblackeyedpeasone",
        "stream": true
      }
    ]
  },
  "spiderdanceundertalexxtharemixxxthaone": {
    "sounds": [
      {
        "name": "records/spiderdanceundertalexxtharemixxxthaone",
        "stream": true
      }
    ]
  },
  "foreverextendedvtwoeliveone": {
    "sounds": [
      {
        "name": "records/foreverextendedvtwoeliveone",
        "stream": true
      }
    ]
  },
  "theknifedanceajdispiritoone": {
    "sounds": [
      {
        "name": "records/theknifedanceajdispiritoone",
        "stream": true
      }
    ]
  }
}