[
  {
    "title": "INSANE (A Hazbin Hotel Song)",
    "author": "Black Gryph0n & Baasik",
    "duration": 163,
    "disc-namespace": "insaneahazbinhotelsongblackgryphzeronbaasik",
    "model-data": 1,
    "creeper-drop": true,
    "lores": [],
    "loot-tables": {},
    "fragment-loot-tables": {}
  },
    {
    "title": "Salvation",
    "author": "MUSIIKA",
    "duration": 189,
    "disc-namespace": "salvationmusiikaone",
    "model-data": 1,
    "creeper-drop": true,
    "lores": [],
    "loot-tables": {},
    "fragment-loot-tables": {}
  },
  {
    "title": "Lets Get It Started (Galwaro Remix)",
    "author": "The Black Eyed Peas",
    "duration": 253,
    "disc-namespace": "letsgetitstartedgalwaroremixtheblackeyedpeasone",
    "model-data": 2,
    "creeper-drop": true,
    "lores": [],
    "loot-tables": {},
    "fragment-loot-tables": {}
  },
  {
    "title": "Spider Dance [UNDERTALE ｜ xXtha Remix]",
    "author": "xXtha",
    "duration": 178,
    "disc-namespace": "spiderdanceundertalexxtharemixxxthaone",
    "model-data": 3,
    "creeper-drop": true,
    "lores": [],
    "loot-tables": {},
    "fragment-loot-tables": {}
  },
  {
    "title": "FOREVER EXTENDED V2",
    "author": "E-LIVE",
    "duration": 254,
    "disc-namespace": "foreverextendedvtwoeliveone",
    "model-data": 4,
    "creeper-drop": true,
    "lores": [],
    "loot-tables": {},
    "fragment-loot-tables": {}
  },
  {
    "title": "The Knife Dance",
    "author": "AJ DiSpirito",
    "duration": 72,
    "disc-namespace": "theknifedanceajdispiritoone",
    "model-data": 5,
    "creeper-drop": true,
    "lores": [],
    "loot-tables": {},
    "fragment-loot-tables": {}
  }
]