{
  "parent": "item/generated",
  "textures": {
    "layer0": "item/disc_fragment_5"
  },
  "overrides": [
    {
      "predicate": {
        "custom_model_data": 1
      },
      "model": "item/fragment_salvationmusiikaone"
    },
    {
      "predicate": {
        "custom_model_data": 2
      },
      "model": "item/fragment_letsgetitstartedgalwaroremixtheblackeyedpeasone"
    },
    {
      "predicate": {
        "custom_model_data": 3
      },
      "model": "item/fragment_spiderdanceundertalexxtharemixxxthaone"
    },
    {
      "predicate": {
        "custom_model_data": 4
      },
      "model": "item/fragment_foreverextendedvtwoeliveone"
    },
    {
      "predicate": {
        "custom_model_data": 5
      },
      "model": "item/fragment_theknifedanceajdispiritoone"
    },
    {
      "predicate": {
        "custom_model_data": 1
      },
      "model": "item/fragment_insaneahazbinhotelsongblackgryphzeronbaasik"
    }
  ]
}